<?xml version='1.0' encoding='UTF-8' standalone='yes'?>
<WORKSPACE>
 <FRAME activewindow="2">
  <PLACEMENT>2c00000002000000030000000083ffff0083ffffffffffffffffffff6400000009000000f3040000f8020000</PLACEMENT>
  <WINDOW type="default" module="STARTUP"/>
  <WINDOW type="default" module="ISIS"/>
  <WINDOW type="default" module="ARES"/>
  <WINDOW type="VIEW3D" module="VIEW3D">
   <camera>
    <position x="-2145000" y="-6065051" z="8938411"/>
    <focus x="-2145000" y="2873360" z="0"/>
    <up x="0" y="707106" z="707106"/>
   </camera>
  </WINDOW>
 </FRAME>
 <MODULE name="VSMDEBUG">
  <PWI/>
 </MODULE>
</WORKSPACE>
